Account;Symbol;Contract;Entry Date;Entry Price;Exit Date;Exit Price;Side;Quantity;Gross P/L;Net P/L
AQ01011;MES;/MESH26:XCME;2026-01-22 15:01:19;6931.25;2026-01-22 15:30:45;6943;SELL;-3;-176.25;-181.05
AQ01011;MYM;/MYMH26:XCBT;2026-01-22 15:32:11;49592;2026-01-22 18:24:56;49690;BUY;1;49;47.4
AQ01011;MYM;/MYMH26:XCBT;2026-01-23 15:25:07;49312;2026-01-23 17:46:35;49207;BUY;4;-210;-216.4
AQ01011;MYM;/MYMH26:XCBT;2026-01-26 15:14:42;49488;2026-01-26 15:15:04;49483;BUY;3;-7.5;-12.3
AQ01011;MYM;/MYMH26:XCBT;2026-01-26 15:15:15;49488;2026-01-26 16:05:39;49385;BUY;3;-154.5;-159.3
AQ01011;MNQ;/MNQH26:XCME;2026-01-27 15:10:35;26070.25;2026-01-27 17:16:56;26062.25;BUY;2;-32;-35.2
AQ01011;MNQ;/MNQH26:XCME;2026-01-27 17:42:40;26087;2026-01-27 17:50:16;26069.5;BUY;4;-140;-146.4
AQ01011;MYM;/MYMH26:XCBT;2026-01-28 15:08:41;49098;2026-01-28 15:16:17;49096;SELL;-5;5;-3
AQ01011;MYM;/MYMH26:XCBT;2026-01-28 15:17:11;49070;2026-01-28 15:17:34;49070;SELL;-5;-0;-8
AQ01011;MYM;/MYMH26:XCBT;2026-01-28 15:17:39;49070;2026-01-28 15:20:11;49105;SELL;-5;-87.5;-95.5
AQ01011;MYM;/MYMH26:XCBT;2026-01-28 15:21:17;49123;2026-01-28 15:30:09;49167;SELL;-2;-44;-47.2
AQ01011;MYM;/MYMH26:XCBT;2026-01-28 15:20:46;49124;2026-01-28 15:30:09;49167;SELL;-2;-43;-46.2
AQ01011;MES;/MESH26:XCME;2026-01-30 15:36:03;6979.75;2026-01-30 16:18:01;6961.5;BUY;2;-182.5;-185.7
AQ01011;MYM;/MYMH26:XCBT;2026-02-03 15:20:09;49575;2026-02-03 15:26:00;49623;SELL;-4;-96;-102.4
AQ01011;MYM;/MYMH26:XCBT;2026-02-03 15:45:50;49494;2026-02-03 15:50:18;49591;SELL;-2;-97;-100.2
AQ01011;MNQ;/MNQH26:XCME;2026-02-04 15:38:52;25202.25;2026-02-04 16:42:00;25001;SELL;-1;402.5;400.9
AQ01011;MES;/MESH26:XCME;2026-02-05 15:06:49;6831.75;2026-02-05 15:42:08;6828;SELL;-1;18.75;17.15
AQ01011;MES;/MESH26:XCME;2026-02-05 15:49:30;6807;2026-02-05 16:20:07;6828.75;SELL;-2;-217.5;-220.7
AQ01011;MES;/MESH26:XCME;2026-02-06 15:39:42;6903.75;2026-02-06 15:52:56;6890.75;BUY;2;-130;-133.2
AQ01011;MNQ;/MNQH26:XCME;2026-02-06 15:57:31;24875.75;2026-02-06 16:01:55;24910.75;SELL;-1;-70;-71.6
AQ01011;MES;/MESH26:XCME;2026-02-09 15:05:36;6954.25;2026-02-09 16:02:42;6987.25;BUY;2;330;326.8
AQ01011;MNQ;/MNQH26:XCME;2026-02-10 14:55:12;25366.5;2026-02-10 15:13:47;25394;BUY;1;55;53.4
AQ01011;MES;/MESH26:XCME;2026-02-10 15:33:36;7003.5;2026-02-10 15:52:36;6993.5;BUY;3;-150;-154.8
AQ01011;MNQ;/MNQH26:XCME;2026-02-10 16:18:32;25381;2026-02-10 16:22:25;25348.25;BUY;1;-65.5;-67.1
AQ01011;MYM;/MYMH26:XCBT;2026-02-10 17:42:52;50490;2026-02-10 17:50:05;50470;BUY;3;-30;-34.8
AQ01011;MYM;/MYMH26:XCBT;2026-02-11 16:05:48;50043;2026-02-11 16:10:47;50107;SELL;-5;-160;-168
AQ01011;MYM;/MYMH26:XCBT;2026-02-12 15:11:48;50379;2026-02-12 15:13:59;50444;SELL;-2;-65;-68.2
AQ01011;MYM;/MYMH26:XCBT;2026-02-13 15:35:26;49630;2026-02-13 18:52:57;49643;BUY;1;6.5;4.9
AQ01011;MYM;/MYMH26:XCBT;2026-02-17 14:49:39;49650;2026-02-17 14:50:38;49555;BUY;1;-47.5;-49.1
AQ01011;MYM;/MYMH26:XCBT;2026-02-17 15:33:06;49306;2026-02-17 15:55:53;49394;SELL;-1;-44;-45.6
